;EMISSÃO DE CO2 (MILHÃO TONELADAS;Ano;municipio
0;;;
0;EMISSÃO DE CO2 (MILHÃO TONELADAS) = 0.0222;2018;Alambari
1;EMISSÃO DE CO2 (MILHÃO TONELADAS) = 0.0198;2017;Alambari
2;EMISSÃO DE CO2 (MILHÃO TONELADAS) = 0.0169;2016;Alambari
3;EMISSÃO DE CO2 (MILHÃO TONELADAS) = 0.0189;2015;Alambari
4;EMISSÃO DE CO2 (MILHÃO TONELADAS) = 0.0189;2014;Alambari
5;EMISSÃO DE CO2 (MILHÃO TONELADAS) = 0.0222;2013;Alambari
6;EMISSÃO DE CO2 (MILHÃO TONELADAS) = 0.0182;2012;Alambari
0;EMISSÃO DE CO2 (MILHÃO TONELADAS) = 0.0022;2018;Alvinlândia
1;EMISSÃO DE CO2 (MILHÃO TONELADAS) = 0.0023;2017;Alvinlândia
2;EMISSÃO DE CO2 (MILHÃO TONELADAS) = 0.0023;2016;Alvinlândia
3;EMISSÃO DE CO2 (MILHÃO TONELADAS) = 0.0024;2015;Alvinlândia
4;EMISSÃO DE CO2 (MILHÃO TONELADAS) = 0.0027;2014;Alvinlândia
5;EMISSÃO DE CO2 (MILHÃO TONELADAS) = 0.0025;2013;Alvinlândia
6;EMISSÃO DE CO2 (MILHÃO TONELADAS) = 0.0023;2012;Alvinlândia
0;EMISSÃO DE CO2 (MILHÃO TONELADAS) = 0.0034;2018;Anhembi
1;EMISSÃO DE CO2 (MILHÃO TONELADAS) = 0.0044;2017;Anhembi
2;EMISSÃO DE CO2 (MILHÃO TONELADAS) = 0.0052;2016;Anhembi
3;EMISSÃO DE CO2 (MILHÃO TONELADAS) = 0.0056;2015;Anhembi
4;EMISSÃO DE CO2 (MILHÃO TONELADAS) = 0.0059;2014;Anhembi
5;EMISSÃO DE CO2 (MILHÃO TONELADAS) = 0.0052;2013;Anhembi
6;EMISSÃO DE CO2 (MILHÃO TONELADAS) = 0.0061;2012;Anhembi
0;EMISSÃO DE CO2 (MILHÃO TONELADAS) = 0.0030;2018;Arandu
1;EMISSÃO DE CO2 (MILHÃO TONELADAS) = 0.0033;2017;Arandu
2;EMISSÃO DE CO2 (MILHÃO TONELADAS) = 0.0031;2016;Arandu
3;EMISSÃO DE CO2 (MILHÃO TONELADAS) = 0.0031;2015;Arandu
4;EMISSÃO DE CO2 (MILHÃO TONELADAS) = 0.0028;2014;Arandu
5;EMISSÃO DE CO2 (MILHÃO TONELADAS) = 0.0031;2013;Arandu
6;EMISSÃO DE CO2 (MILHÃO TONELADAS) = 0.0031;2012;Arandu
0;EMISSÃO DE CO2 (MILHÃO TONELADAS) = 0.0233;2018;Ariranha
1;EMISSÃO DE CO2 (MILHÃO TONELADAS) = 0.0346;2017;Ariranha
2;EMISSÃO DE CO2 (MILHÃO TONELADAS) = 0.0335;2016;Ariranha
3;EMISSÃO DE CO2 (MILHÃO TONELADAS) = 0.0331;2015;Ariranha
4;EMISSÃO DE CO2 (MILHÃO TONELADAS) = 0.0426;2014;Ariranha
5;EMISSÃO DE CO2 (MILHÃO TONELADAS) = 0.0531;2013;Ariranha
6;EMISSÃO DE CO2 (MILHÃO TONELADAS) = 0.0482;2012;Ariranha
0;EMISSÃO DE CO2 (MILHÃO TONELADAS) = 0.0175;2018;Avanhandava
1;EMISSÃO DE CO2 (MILHÃO TONELADAS) = 0.0201;2017;Avanhandava
2;EMISSÃO DE CO2 (MILHÃO TONELADAS) = 0.0197;2016;Avanhandava
3;EMISSÃO DE CO2 (MILHÃO TONELADAS) = 0.0187;2015;Avanhandava
4;EMISSÃO DE CO2 (MILHÃO TONELADAS) = 0.0194;2014;Avanhandava
5;EMISSÃO DE CO2 (MILHÃO TONELADAS) = 0.0187;2013;Avanhandava
6;EMISSÃO DE CO2 (MILHÃO TONELADAS) = 0.0186;2012;Avanhandava
0;EMISSÃO DE CO2 (MILHÃO TONELADAS) = 0.0538;2018;Bariri
1;EMISSÃO DE CO2 (MILHÃO TONELADAS) = 0.0502;2017;Bariri
2;EMISSÃO DE CO2 (MILHÃO TONELADAS) = 0.0525;2016;Bariri
3;EMISSÃO DE CO2 (MILHÃO TONELADAS) = 0.0468;2015;Bariri
4;EMISSÃO DE CO2 (MILHÃO TONELADAS) = 0.0459;2014;Bariri
5;EMISSÃO DE CO2 (MILHÃO TONELADAS) = 0.0461;2013;Bariri
6;EMISSÃO DE CO2 (MILHÃO TONELADAS) = 0.0421;2012;Bariri
0;EMISSÃO DE CO2 (MILHÃO TONELADAS) = 0.0999;2018;Batatais
1;EMISSÃO DE CO2 (MILHÃO TONELADAS) = 0.1007;2017;Batatais
2;EMISSÃO DE CO2 (MILHÃO TONELADAS) = 0.1010;2016;Batatais
3;EMISSÃO DE CO2 (MILHÃO TONELADAS) = 0.1028;2015;Batatais
4;EMISSÃO DE CO2 (MILHÃO TONELADAS) = 0.1024;2014;Batatais
5;EMISSÃO DE CO2 (MILHÃO TONELADAS) = 0.1014;2013;Batatais
6;EMISSÃO DE CO2 (MILHÃO TONELADAS) = 0.0907;2012;Batatais
0;EMISSÃO DE CO2 (MILHÃO TONELADAS) = 0.0117;2018;Biritiba-Mirim
1;EMISSÃO DE CO2 (MILHÃO TONELADAS) = 0.0133;2017;Biritiba-Mirim
2;EMISSÃO DE CO2 (MILHÃO TONELADAS) = 0.0142;2016;Biritiba-Mirim
3;EMISSÃO DE CO2 (MILHÃO TONELADAS) = 0.0163;2015;Biritiba-Mirim
4;EMISSÃO DE CO2 (MILHÃO TONELADAS) = 0.0198;2014;Biritiba-Mirim
5;EMISSÃO DE CO2 (MILHÃO TONELADAS) = 0.0231;2013;Biritiba-Mirim
6;EMISSÃO DE CO2 (MILHÃO TONELADAS) = 0.0162;2012;Biritiba-Mirim
0;EMISSÃO DE CO2 (MILHÃO TONELADAS) = 0.0042;2018;Boracéia
1;EMISSÃO DE CO2 (MILHÃO TONELADAS) = 0.0043;2017;Boracéia
2;EMISSÃO DE CO2 (MILHÃO TONELADAS) = 0.0035;2016;Boracéia
3;EMISSÃO DE CO2 (MILHÃO TONELADAS) = 0.0050;2015;Boracéia
4;EMISSÃO DE CO2 (MILHÃO TONELADAS) = 0.0063;2014;Boracéia
5;EMISSÃO DE CO2 (MILHÃO TONELADAS) = 0.0063;2013;Boracéia
6;EMISSÃO DE CO2 (MILHÃO TONELADAS) = 0.0040;2012;Boracéia
0;EMISSÃO DE CO2 (MILHÃO TONELADAS) = 0.0583;2018;Brotas
1;EMISSÃO DE CO2 (MILHÃO TONELADAS) = 0.0450;2017;Brotas
2;EMISSÃO DE CO2 (MILHÃO TONELADAS) = 0.0526;2016;Brotas
3;EMISSÃO DE CO2 (MILHÃO TONELADAS) = 0.0544;2015;Brotas
4;EMISSÃO DE CO2 (MILHÃO TONELADAS) = 0.0613;2014;Brotas
5;EMISSÃO DE CO2 (MILHÃO TONELADAS) = 0.0668;2013;Brotas
6;EMISSÃO DE CO2 (MILHÃO TONELADAS) = 0.0605;2012;Brotas
0;EMISSÃO DE CO2 (MILHÃO TONELADAS) = 0.0175;2018;Caconde
1;EMISSÃO DE CO2 (MILHÃO TONELADAS) = 0.0137;2017;Caconde
2;EMISSÃO DE CO2 (MILHÃO TONELADAS) = 0.0130;2016;Caconde
3;EMISSÃO DE CO2 (MILHÃO TONELADAS) = 0.0129;2015;Caconde
4;EMISSÃO DE CO2 (MILHÃO TONELADAS) = 0.0118;2014;Caconde
5;EMISSÃO DE CO2 (MILHÃO TONELADAS) = 0.0136;2013;Caconde
6;EMISSÃO DE CO2 (MILHÃO TONELADAS) = 0.0130;2012;Caconde
0;EMISSÃO DE CO2 (MILHÃO TONELADAS) = 0.0179;2018;Cajuru
1;EMISSÃO DE CO2 (MILHÃO TONELADAS) = 0.0185;2017;Cajuru
2;EMISSÃO DE CO2 (MILHÃO TONELADAS) = 0.0193;2016;Cajuru
3;EMISSÃO DE CO2 (MILHÃO TONELADAS) = 0.0203;2015;Cajuru
4;EMISSÃO DE CO2 (MILHÃO TONELADAS) = 0.0221;2014;Cajuru
5;EMISSÃO DE CO2 (MILHÃO TONELADAS) = 0.0210;2013;Cajuru
6;EMISSÃO DE CO2 (MILHÃO TONELADAS) = 0.0206;2012;Cajuru
0;EMISSÃO DE CO2 (MILHÃO TONELADAS) = 0.0687;2018;Cândido Mota
1;EMISSÃO DE CO2 (MILHÃO TONELADAS) = 0.0913;2017;Cândido Mota
2;EMISSÃO DE CO2 (MILHÃO TONELADAS) = 0.0983;2016;Cândido Mota
3;EMISSÃO DE CO2 (MILHÃO TONELADAS) = 0.1089;2015;Cândido Mota
4;EMISSÃO DE CO2 (MILHÃO TONELADAS) = 0.1079;2014;Cândido Mota
5;EMISSÃO DE CO2 (MILHÃO TONELADAS) = 0.1142;2013;Cândido Mota
6;EMISSÃO DE CO2 (MILHÃO TONELADAS) = 0.0967;2012;Cândido Mota
0;EMISSÃO DE CO2 (MILHÃO TONELADAS) = 0.0063;2018;Cardoso
1;EMISSÃO DE CO2 (MILHÃO TONELADAS) = 0.0078;2017;Cardoso
2;EMISSÃO DE CO2 (MILHÃO TONELADAS) = 0.0084;2016;Cardoso
3;EMISSÃO DE CO2 (MILHÃO TONELADAS) = 0.0088;2015;Cardoso
4;EMISSÃO DE CO2 (MILHÃO TONELADAS) = 0.0087;2014;Cardoso
5;EMISSÃO DE CO2 (MILHÃO TONELADAS) = 0.0082;2013;Cardoso
6;EMISSÃO DE CO2 (MILHÃO TONELADAS) = 0.0080;2012;Cardoso
0;EMISSÃO DE CO2 (MILHÃO TONELADAS) = 0.0670;2018;Cerquilho
1;EMISSÃO DE CO2 (MILHÃO TONELADAS) = 0.0706;2017;Cerquilho
2;EMISSÃO DE CO2 (MILHÃO TONELADAS) = 0.0663;2016;Cerquilho
3;EMISSÃO DE CO2 (MILHÃO TONELADAS) = 0.0636;2015;Cerquilho
4;EMISSÃO DE CO2 (MILHÃO TONELADAS) = 0.0674;2014;Cerquilho
5;EMISSÃO DE CO2 (MILHÃO TONELADAS) = 0.0673;2013;Cerquilho
6;EMISSÃO DE CO2 (MILHÃO TONELADAS) = 0.0653;2012;Cerquilho
0;EMISSÃO DE CO2 (MILHÃO TONELADAS) = 0.0204;2018;Conchas
1;EMISSÃO DE CO2 (MILHÃO TONELADAS) = 0.0217;2017;Conchas
2;EMISSÃO DE CO2 (MILHÃO TONELADAS) = 0.0184;2016;Conchas
3;EMISSÃO DE CO2 (MILHÃO TONELADAS) = 0.0168;2015;Conchas
4;EMISSÃO DE CO2 (MILHÃO TONELADAS) = 0.0161;2014;Conchas
5;EMISSÃO DE CO2 (MILHÃO TONELADAS) = 0.0197;2013;Conchas
6;EMISSÃO DE CO2 (MILHÃO TONELADAS) = 0.0178;2012;Conchas
0;EMISSÃO DE CO2 (MILHÃO TONELADAS) = 0.0606;2018;Cravinhos
1;EMISSÃO DE CO2 (MILHÃO TONELADAS) = 0.0511;2017;Cravinhos
2;EMISSÃO DE CO2 (MILHÃO TONELADAS) = 0.0348;2016;Cravinhos
3;EMISSÃO DE CO2 (MILHÃO TONELADAS) = 0.0355;2015;Cravinhos
4;EMISSÃO DE CO2 (MILHÃO TONELADAS) = 0.0375;2014;Cravinhos
5;EMISSÃO DE CO2 (MILHÃO TONELADAS) = 0.0374;2013;Cravinhos
6;EMISSÃO DE CO2 (MILHÃO TONELADAS) = 0.0341;2012;Cravinhos
0;EMISSÃO DE CO2 (MILHÃO TONELADAS) = 0.0024;2018;Dobrada
1;EMISSÃO DE CO2 (MILHÃO TONELADAS) = 0.0028;2017;Dobrada
2;EMISSÃO DE CO2 (MILHÃO TONELADAS) = 0.0037;2016;Dobrada
3;EMISSÃO DE CO2 (MILHÃO TONELADAS) = 0.0032;2015;Dobrada
4;EMISSÃO DE CO2 (MILHÃO TONELADAS) = 0.0032;2014;Dobrada
5;EMISSÃO DE CO2 (MILHÃO TONELADAS) = 0.0037;2013;Dobrada
6;EMISSÃO DE CO2 (MILHÃO TONELADAS) = 0.0043;2012;Dobrada
0;EMISSÃO DE CO2 (MILHÃO TONELADAS) = 0.0054;2018;Eldorado
1;EMISSÃO DE CO2 (MILHÃO TONELADAS) = 0.0062;2017;Eldorado
2;EMISSÃO DE CO2 (MILHÃO TONELADAS) = 0.0067;2016;Eldorado
3;EMISSÃO DE CO2 (MILHÃO TONELADAS) = 0.0071;2015;Eldorado
4;EMISSÃO DE CO2 (MILHÃO TONELADAS) = 0.0072;2014;Eldorado
5;EMISSÃO DE CO2 (MILHÃO TONELADAS) = 0.0072;2013;Eldorado
6;EMISSÃO DE CO2 (MILHÃO TONELADAS) = 0.0072;2012;Eldorado
0;EMISSÃO DE CO2 (MILHÃO TONELADAS) = 0.0400;2018;Espírito Santo do Pinhal
1;EMISSÃO DE CO2 (MILHÃO TONELADAS) = 0.0464;2017;Espírito Santo do Pinhal
2;EMISSÃO DE CO2 (MILHÃO TONELADAS) = 0.0444;2016;Espírito Santo do Pinhal
3;EMISSÃO DE CO2 (MILHÃO TONELADAS) = 0.0461;2015;Espírito Santo do Pinhal
4;EMISSÃO DE CO2 (MILHÃO TONELADAS) = 0.0474;2014;Espírito Santo do Pinhal
5;EMISSÃO DE CO2 (MILHÃO TONELADAS) = 0.0491;2013;Espírito Santo do Pinhal
6;EMISSÃO DE CO2 (MILHÃO TONELADAS) = 0.0461;2012;Espírito Santo do Pinhal
0;EMISSÃO DE CO2 (MILHÃO TONELADAS) = 0.1019;2018;Fernandópolis
1;EMISSÃO DE CO2 (MILHÃO TONELADAS) = 0.1123;2017;Fernandópolis
2;EMISSÃO DE CO2 (MILHÃO TONELADAS) = 0.1094;2016;Fernandópolis
3;EMISSÃO DE CO2 (MILHÃO TONELADAS) = 0.1141;2015;Fernandópolis
4;EMISSÃO DE CO2 (MILHÃO TONELADAS) = 0.1247;2014;Fernandópolis
5;EMISSÃO DE CO2 (MILHÃO TONELADAS) = 0.1388;2013;Fernandópolis
6;EMISSÃO DE CO2 (MILHÃO TONELADAS) = 0.1426;2012;Fernandópolis
0;EMISSÃO DE CO2 (MILHÃO TONELADAS) = 0.0508;2018;Francisco Morato
1;EMISSÃO DE CO2 (MILHÃO TONELADAS) = 0.0565;2017;Francisco Morato
2;EMISSÃO DE CO2 (MILHÃO TONELADAS) = 0.0539;2016;Francisco Morato
3;EMISSÃO DE CO2 (MILHÃO TONELADAS) = 0.0515;2015;Francisco Morato
4;EMISSÃO DE CO2 (MILHÃO TONELADAS) = 0.0513;2014;Francisco Morato
5;EMISSÃO DE CO2 (MILHÃO TONELADAS) = 0.0514;2013;Francisco Morato
6;EMISSÃO DE CO2 (MILHÃO TONELADAS) = 0.0583;2012;Francisco Morato
0;EMISSÃO DE CO2 (MILHÃO TONELADAS) = 0.0023;2018;Glicério
1;EMISSÃO DE CO2 (MILHÃO TONELADAS) = 0.0015;2017;Glicério
2;EMISSÃO DE CO2 (MILHÃO TONELADAS) = 0.0018;2016;Glicério
3;EMISSÃO DE CO2 (MILHÃO TONELADAS) = 0.0019;2015;Glicério
4;EMISSÃO DE CO2 (MILHÃO TONELADAS) = 0.0020;2014;Glicério
5;EMISSÃO DE CO2 (MILHÃO TONELADAS) = 0.0021;2013;Glicério
6;EMISSÃO DE CO2 (MILHÃO TONELADAS) = 0.0031;2012;Glicério
0;EMISSÃO DE CO2 (MILHÃO TONELADAS) = 0.0238;2018;Guaraci
1;EMISSÃO DE CO2 (MILHÃO TONELADAS) = 0.0264;2017;Guaraci
2;EMISSÃO DE CO2 (MILHÃO TONELADAS) = 0.0256;2016;Guaraci
3;EMISSÃO DE CO2 (MILHÃO TONELADAS) = 0.0258;2015;Guaraci
4;EMISSÃO DE CO2 (MILHÃO TONELADAS) = 0.0242;2014;Guaraci
5;EMISSÃO DE CO2 (MILHÃO TONELADAS) = 0.0217;2013;Guaraci
6;EMISSÃO DE CO2 (MILHÃO TONELADAS) = 0.0222;2012;Guaraci
0;EMISSÃO DE CO2 (MILHÃO TONELADAS) = 0.2193;2018;Guarujá
1;EMISSÃO DE CO2 (MILHÃO TONELADAS) = 0.2480;2017;Guarujá
2;EMISSÃO DE CO2 (MILHÃO TONELADAS) = 0.2693;2016;Guarujá
3;EMISSÃO DE CO2 (MILHÃO TONELADAS) = 0.2631;2015;Guarujá
4;EMISSÃO DE CO2 (MILHÃO TONELADAS) = 0.2856;2014;Guarujá
5;EMISSÃO DE CO2 (MILHÃO TONELADAS) = 0.2663;2013;Guarujá
6;EMISSÃO DE CO2 (MILHÃO TONELADAS) = 0.2626;2012;Guarujá
0;EMISSÃO DE CO2 (MILHÃO TONELADAS) = 0.0058;2018;Iacri
1;EMISSÃO DE CO2 (MILHÃO TONELADAS) = 0.0054;2017;Iacri
2;EMISSÃO DE CO2 (MILHÃO TONELADAS) = 0.0073;2016;Iacri
3;EMISSÃO DE CO2 (MILHÃO TONELADAS) = 0.0071;2015;Iacri
4;EMISSÃO DE CO2 (MILHÃO TONELADAS) = 0.0080;2014;Iacri
5;EMISSÃO DE CO2 (MILHÃO TONELADAS) = 0.0085;2013;Iacri
6;EMISSÃO DE CO2 (MILHÃO TONELADAS) = 0.0089;2012;Iacri
0;EMISSÃO DE CO2 (MILHÃO TONELADAS) = 0.0067;2018;Iepê
1;EMISSÃO DE CO2 (MILHÃO TONELADAS) = 0.0072;2017;Iepê
2;EMISSÃO DE CO2 (MILHÃO TONELADAS) = 0.0070;2016;Iepê
3;EMISSÃO DE CO2 (MILHÃO TONELADAS) = 0.0062;2015;Iepê
4;EMISSÃO DE CO2 (MILHÃO TONELADAS) = 0.0067;2014;Iepê
5;EMISSÃO DE CO2 (MILHÃO TONELADAS) = 0.0075;2013;Iepê
6;EMISSÃO DE CO2 (MILHÃO TONELADAS) = 0.0060;2012;Iepê
0;EMISSÃO DE CO2 (MILHÃO TONELADAS) = 0.2827;2018;Indaiatuba
1;EMISSÃO DE CO2 (MILHÃO TONELADAS) = 0.3126;2017;Indaiatuba
2;EMISSÃO DE CO2 (MILHÃO TONELADAS) = 0.2939;2016;Indaiatuba
3;EMISSÃO DE CO2 (MILHÃO TONELADAS) = 0.2860;2015;Indaiatuba
4;EMISSÃO DE CO2 (MILHÃO TONELADAS) = 0.2787;2014;Indaiatuba
5;EMISSÃO DE CO2 (MILHÃO TONELADAS) = 0.2960;2013;Indaiatuba
6;EMISSÃO DE CO2 (MILHÃO TONELADAS) = 0.2925;2012;Indaiatuba
0;EMISSÃO DE CO2 (MILHÃO TONELADAS) = 0.0110;2018;Ipuã
1;EMISSÃO DE CO2 (MILHÃO TONELADAS) = 0.0142;2017;Ipuã
2;EMISSÃO DE CO2 (MILHÃO TONELADAS) = 0.0142;2016;Ipuã
3;EMISSÃO DE CO2 (MILHÃO TONELADAS) = 0.0144;2015;Ipuã
4;EMISSÃO DE CO2 (MILHÃO TONELADAS) = 0.0163;2014;Ipuã
5;EMISSÃO DE CO2 (MILHÃO TONELADAS) = 0.0140;2013;Ipuã
6;EMISSÃO DE CO2 (MILHÃO TONELADAS) = 0.0122;2012;Ipuã
0;EMISSÃO DE CO2 (MILHÃO TONELADAS) = 0.0580;2018;Itanhaém
1;EMISSÃO DE CO2 (MILHÃO TONELADAS) = 0.0630;2017;Itanhaém
2;EMISSÃO DE CO2 (MILHÃO TONELADAS) = 0.0622;2016;Itanhaém
3;EMISSÃO DE CO2 (MILHÃO TONELADAS) = 0.0624;2015;Itanhaém
4;EMISSÃO DE CO2 (MILHÃO TONELADAS) = 0.0554;2014;Itanhaém
5;EMISSÃO DE CO2 (MILHÃO TONELADAS) = 0.0617;2013;Itanhaém
6;EMISSÃO DE CO2 (MILHÃO TONELADAS) = 0.0579;2012;Itanhaém
0;EMISSÃO DE CO2 (MILHÃO TONELADAS) = 0.1074;2018;Itápolis
1;EMISSÃO DE CO2 (MILHÃO TONELADAS) = 0.1254;2017;Itápolis
2;EMISSÃO DE CO2 (MILHÃO TONELADAS) = 0.1227;2016;Itápolis
3;EMISSÃO DE CO2 (MILHÃO TONELADAS) = 0.1160;2015;Itápolis
4;EMISSÃO DE CO2 (MILHÃO TONELADAS) = 0.1030;2014;Itápolis
5;EMISSÃO DE CO2 (MILHÃO TONELADAS) = 0.0875;2013;Itápolis
6;EMISSÃO DE CO2 (MILHÃO TONELADAS) = 0.0854;2012;Itápolis
0;EMISSÃO DE CO2 (MILHÃO TONELADAS) = 0.0148;2018;Itatinga
1;EMISSÃO DE CO2 (MILHÃO TONELADAS) = 0.0158;2017;Itatinga
2;EMISSÃO DE CO2 (MILHÃO TONELADAS) = 0.0156;2016;Itatinga
3;EMISSÃO DE CO2 (MILHÃO TONELADAS) = 0.0142;2015;Itatinga
4;EMISSÃO DE CO2 (MILHÃO TONELADAS) = 0.0155;2014;Itatinga
5;EMISSÃO DE CO2 (MILHÃO TONELADAS) = 0.0167;2013;Itatinga
6;EMISSÃO DE CO2 (MILHÃO TONELADAS) = 0.0165;2012;Itatinga
0;EMISSÃO DE CO2 (MILHÃO TONELADAS) = 0.1377;2018;Jaboticabal
1;EMISSÃO DE CO2 (MILHÃO TONELADAS) = 0.1295;2017;Jaboticabal
2;EMISSÃO DE CO2 (MILHÃO TONELADAS) = 0.1139;2016;Jaboticabal
3;EMISSÃO DE CO2 (MILHÃO TONELADAS) = 0.1069;2015;Jaboticabal
4;EMISSÃO DE CO2 (MILHÃO TONELADAS) = 0.1068;2014;Jaboticabal
5;EMISSÃO DE CO2 (MILHÃO TONELADAS) = 0.1119;2013;Jaboticabal
6;EMISSÃO DE CO2 (MILHÃO TONELADAS) = 0.1162;2012;Jaboticabal
0;EMISSÃO DE CO2 (MILHÃO TONELADAS) = 0.1347;2018;Jardinópolis
1;EMISSÃO DE CO2 (MILHÃO TONELADAS) = 0.1227;2017;Jardinópolis
2;EMISSÃO DE CO2 (MILHÃO TONELADAS) = 0.1063;2016;Jardinópolis
3;EMISSÃO DE CO2 (MILHÃO TONELADAS) = 0.1043;2015;Jardinópolis
4;EMISSÃO DE CO2 (MILHÃO TONELADAS) = 0.0911;2014;Jardinópolis
5;EMISSÃO DE CO2 (MILHÃO TONELADAS) = 0.0888;2013;Jardinópolis
6;EMISSÃO DE CO2 (MILHÃO TONELADAS) = 0.0730;2012;Jardinópolis
0;EMISSÃO DE CO2 (MILHÃO TONELADAS) = 0.0051;2018;Jumirim
1;EMISSÃO DE CO2 (MILHÃO TONELADAS) = 0.0058;2017;Jumirim
2;EMISSÃO DE CO2 (MILHÃO TONELADAS) = 0.0063;2016;Jumirim
3;EMISSÃO DE CO2 (MILHÃO TONELADAS) = 0.0058;2015;Jumirim
4;EMISSÃO DE CO2 (MILHÃO TONELADAS) = 0.0060;2014;Jumirim
5;EMISSÃO DE CO2 (MILHÃO TONELADAS) = 0.0063;2013;Jumirim
6;EMISSÃO DE CO2 (MILHÃO TONELADAS) = 0.0058;2012;Jumirim
0;EMISSÃO DE CO2 (MILHÃO TONELADAS) = 0.0255;2018;Lavrinhas
1;EMISSÃO DE CO2 (MILHÃO TONELADAS) = 0.0242;2017;Lavrinhas
2;EMISSÃO DE CO2 (MILHÃO TONELADAS) = 0.0164;2016;Lavrinhas
3;EMISSÃO DE CO2 (MILHÃO TONELADAS) = 0.0115;2015;Lavrinhas
4;EMISSÃO DE CO2 (MILHÃO TONELADAS) = 0.0131;2014;Lavrinhas
5;EMISSÃO DE CO2 (MILHÃO TONELADAS) = 0.0145;2013;Lavrinhas
6;EMISSÃO DE CO2 (MILHÃO TONELADAS) = 0.0155;2012;Lavrinhas
0;EMISSÃO DE CO2 (MILHÃO TONELADAS) = 0.0750;2018;Louveira
1;EMISSÃO DE CO2 (MILHÃO TONELADAS) = 0.0758;2017;Louveira
2;EMISSÃO DE CO2 (MILHÃO TONELADAS) = 0.0743;2016;Louveira
3;EMISSÃO DE CO2 (MILHÃO TONELADAS) = 0.0735;2015;Louveira
4;EMISSÃO DE CO2 (MILHÃO TONELADAS) = 0.0743;2014;Louveira
5;EMISSÃO DE CO2 (MILHÃO TONELADAS) = 0.0783;2013;Louveira
6;EMISSÃO DE CO2 (MILHÃO TONELADAS) = 0.0841;2012;Louveira
0;EMISSÃO DE CO2 (MILHÃO TONELADAS) = 0.0045;2018;Macaubal
1;EMISSÃO DE CO2 (MILHÃO TONELADAS) = 0.0050;2017;Macaubal
2;EMISSÃO DE CO2 (MILHÃO TONELADAS) = 0.0055;2016;Macaubal
3;EMISSÃO DE CO2 (MILHÃO TONELADAS) = 0.0050;2015;Macaubal
4;EMISSÃO DE CO2 (MILHÃO TONELADAS) = 0.0052;2014;Macaubal
5;EMISSÃO DE CO2 (MILHÃO TONELADAS) = 0.0058;2013;Macaubal
6;EMISSÃO DE CO2 (MILHÃO TONELADAS) = 0.0058;2012;Macaubal
0;EMISSÃO DE CO2 (MILHÃO TONELADAS) = 0.0232;2018;Marapoama
1;EMISSÃO DE CO2 (MILHÃO TONELADAS) = 0.0249;2017;Marapoama
2;EMISSÃO DE CO2 (MILHÃO TONELADAS) = 0.0239;2016;Marapoama
3;EMISSÃO DE CO2 (MILHÃO TONELADAS) = 0.0258;2015;Marapoama
4;EMISSÃO DE CO2 (MILHÃO TONELADAS) = 0.0222;2014;Marapoama
5;EMISSÃO DE CO2 (MILHÃO TONELADAS) = 0.0221;2013;Marapoama
6;EMISSÃO DE CO2 (MILHÃO TONELADAS) = 0.0211;2012;Marapoama
0;EMISSÃO DE CO2 (MILHÃO TONELADAS) = 0.0684;2018;Meridiano
1;EMISSÃO DE CO2 (MILHÃO TONELADAS) = 0.0745;2017;Meridiano
2;EMISSÃO DE CO2 (MILHÃO TONELADAS) = 0.0619;2016;Meridiano
3;EMISSÃO DE CO2 (MILHÃO TONELADAS) = 0.0617;2015;Meridiano
4;EMISSÃO DE CO2 (MILHÃO TONELADAS) = 0.0676;2014;Meridiano
5;EMISSÃO DE CO2 (MILHÃO TONELADAS) = 0.0638;2013;Meridiano
6;EMISSÃO DE CO2 (MILHÃO TONELADAS) = 0.0475;2012;Meridiano
0;EMISSÃO DE CO2 (MILHÃO TONELADAS) = 0.0024;2018;Mirassolândia
1;EMISSÃO DE CO2 (MILHÃO TONELADAS) = 0.0025;2017;Mirassolândia
2;EMISSÃO DE CO2 (MILHÃO TONELADAS) = 0.0026;2016;Mirassolândia
3;EMISSÃO DE CO2 (MILHÃO TONELADAS) = 0.0026;2015;Mirassolândia
4;EMISSÃO DE CO2 (MILHÃO TONELADAS) = 0.0023;2014;Mirassolândia
5;EMISSÃO DE CO2 (MILHÃO TONELADAS) = 0.0027;2013;Mirassolândia
6;EMISSÃO DE CO2 (MILHÃO TONELADAS) = 0.0029;2012;Mirassolândia
0;EMISSÃO DE CO2 (MILHÃO TONELADAS) = 0.0080;2018;Monte Alegre do Sul
1;EMISSÃO DE CO2 (MILHÃO TONELADAS) = 0.0067;2017;Monte Alegre do Sul
2;EMISSÃO DE CO2 (MILHÃO TONELADAS) = 0.0051;2016;Monte Alegre do Sul
3;EMISSÃO DE CO2 (MILHÃO TONELADAS) = 0.0051;2015;Monte Alegre do Sul
4;EMISSÃO DE CO2 (MILHÃO TONELADAS) = 0.0074;2014;Monte Alegre do Sul
5;EMISSÃO DE CO2 (MILHÃO TONELADAS) = 0.0099;2013;Monte Alegre do Sul
6;EMISSÃO DE CO2 (MILHÃO TONELADAS) = 0.0110;2012;Monte Alegre do Sul
0;EMISSÃO DE CO2 (MILHÃO TONELADAS) = 0.0160;2018;Morungaba
1;EMISSÃO DE CO2 (MILHÃO TONELADAS) = 0.0184;2017;Morungaba
2;EMISSÃO DE CO2 (MILHÃO TONELADAS) = 0.0173;2016;Morungaba
3;EMISSÃO DE CO2 (MILHÃO TONELADAS) = 0.0165;2015;Morungaba
4;EMISSÃO DE CO2 (MILHÃO TONELADAS) = 0.0162;2014;Morungaba
5;EMISSÃO DE CO2 (MILHÃO TONELADAS) = 0.0177;2013;Morungaba
6;EMISSÃO DE CO2 (MILHÃO TONELADAS) = 0.0167;2012;Morungaba
0;EMISSÃO DE CO2 (MILHÃO TONELADAS) = 0.0248;2018;Nhandeara
1;EMISSÃO DE CO2 (MILHÃO TONELADAS) = 0.0308;2017;Nhandeara
2;EMISSÃO DE CO2 (MILHÃO TONELADAS) = 0.0164;2016;Nhandeara
3;EMISSÃO DE CO2 (MILHÃO TONELADAS) = 0.0157;2015;Nhandeara
4;EMISSÃO DE CO2 (MILHÃO TONELADAS) = 0.0182;2014;Nhandeara
5;EMISSÃO DE CO2 (MILHÃO TONELADAS) = 0.0208;2013;Nhandeara
6;EMISSÃO DE CO2 (MILHÃO TONELADAS) = 0.0208;2012;Nhandeara
0;EMISSÃO DE CO2 (MILHÃO TONELADAS) = 0.0010;2018;Nova Guataporanga
1;EMISSÃO DE CO2 (MILHÃO TONELADAS) = 0.0008;2017;Nova Guataporanga
2;EMISSÃO DE CO2 (MILHÃO TONELADAS) = 0.0009;2016;Nova Guataporanga
3;EMISSÃO DE CO2 (MILHÃO TONELADAS) = 0.0009;2015;Nova Guataporanga
4;EMISSÃO DE CO2 (MILHÃO TONELADAS) = 0.0009;2014;Nova Guataporanga
5;EMISSÃO DE CO2 (MILHÃO TONELADAS) = 0.0011;2013;Nova Guataporanga
6;EMISSÃO DE CO2 (MILHÃO TONELADAS) = 0.0012;2012;Nova Guataporanga
0;EMISSÃO DE CO2 (MILHÃO TONELADAS) = 0.0009;2018;Óleo
1;EMISSÃO DE CO2 (MILHÃO TONELADAS) = 0.0009;2017;Óleo
2;EMISSÃO DE CO2 (MILHÃO TONELADAS) = 0.0010;2016;Óleo
3;EMISSÃO DE CO2 (MILHÃO TONELADAS) = 0.0008;2015;Óleo
4;EMISSÃO DE CO2 (MILHÃO TONELADAS) = 0.0010;2014;Óleo
5;EMISSÃO DE CO2 (MILHÃO TONELADAS) = 0.0010;2013;Óleo
6;EMISSÃO DE CO2 (MILHÃO TONELADAS) = 0.0010;2012;Óleo
0;EMISSÃO DE CO2 (MILHÃO TONELADAS) = 0.0326;2018;Osvaldo Cruz
1;EMISSÃO DE CO2 (MILHÃO TONELADAS) = 0.0466;2017;Osvaldo Cruz
2;EMISSÃO DE CO2 (MILHÃO TONELADAS) = 0.0505;2016;Osvaldo Cruz
3;EMISSÃO DE CO2 (MILHÃO TONELADAS) = 0.0325;2015;Osvaldo Cruz
4;EMISSÃO DE CO2 (MILHÃO TONELADAS) = 0.0353;2014;Osvaldo Cruz
5;EMISSÃO DE CO2 (MILHÃO TONELADAS) = 0.0372;2013;Osvaldo Cruz
6;EMISSÃO DE CO2 (MILHÃO TONELADAS) = 0.0369;2012;Osvaldo Cruz
0;EMISSÃO DE CO2 (MILHÃO TONELADAS) = 0.0489;2018;Palmital
1;EMISSÃO DE CO2 (MILHÃO TONELADAS) = 0.0493;2017;Palmital
2;EMISSÃO DE CO2 (MILHÃO TONELADAS) = 0.0520;2016;Palmital
3;EMISSÃO DE CO2 (MILHÃO TONELADAS) = 0.0565;2015;Palmital
4;EMISSÃO DE CO2 (MILHÃO TONELADAS) = 0.0607;2014;Palmital
5;EMISSÃO DE CO2 (MILHÃO TONELADAS) = 0.0684;2013;Palmital
6;EMISSÃO DE CO2 (MILHÃO TONELADAS) = 0.0623;2012;Palmital
0;EMISSÃO DE CO2 (MILHÃO TONELADAS) = 0.0375;2018;Pardinho
1;EMISSÃO DE CO2 (MILHÃO TONELADAS) = 0.0521;2017;Pardinho
2;EMISSÃO DE CO2 (MILHÃO TONELADAS) = 0.0599;2016;Pardinho
3;EMISSÃO DE CO2 (MILHÃO TONELADAS) = 0.0588;2015;Pardinho
4;EMISSÃO DE CO2 (MILHÃO TONELADAS) = 0.0598;2014;Pardinho
5;EMISSÃO DE CO2 (MILHÃO TONELADAS) = 0.0490;2013;Pardinho
6;EMISSÃO DE CO2 (MILHÃO TONELADAS) = 0.0458;2012;Pardinho
0;EMISSÃO DE CO2 (MILHÃO TONELADAS) = 0.0898;2018;Pederneiras
1;EMISSÃO DE CO2 (MILHÃO TONELADAS) = 0.1032;2017;Pederneiras
2;EMISSÃO DE CO2 (MILHÃO TONELADAS) = 0.0964;2016;Pederneiras
3;EMISSÃO DE CO2 (MILHÃO TONELADAS) = 0.0874;2015;Pederneiras
4;EMISSÃO DE CO2 (MILHÃO TONELADAS) = 0.1147;2014;Pederneiras
5;EMISSÃO DE CO2 (MILHÃO TONELADAS) = 0.1070;2013;Pederneiras
6;EMISSÃO DE CO2 (MILHÃO TONELADAS) = 0.1310;2012;Pederneiras
0;EMISSÃO DE CO2 (MILHÃO TONELADAS) = 0.0357;2018;Pereira Barreto
1;EMISSÃO DE CO2 (MILHÃO TONELADAS) = 0.0370;2017;Pereira Barreto
2;EMISSÃO DE CO2 (MILHÃO TONELADAS) = 0.0381;2016;Pereira Barreto
3;EMISSÃO DE CO2 (MILHÃO TONELADAS) = 0.0382;2015;Pereira Barreto
4;EMISSÃO DE CO2 (MILHÃO TONELADAS) = 0.0351;2014;Pereira Barreto
5;EMISSÃO DE CO2 (MILHÃO TONELADAS) = 0.0437;2013;Pereira Barreto
6;EMISSÃO DE CO2 (MILHÃO TONELADAS) = 0.0403;2012;Pereira Barreto
0;EMISSÃO DE CO2 (MILHÃO TONELADAS) = 0.0242;2018;Pinhalzinho
1;EMISSÃO DE CO2 (MILHÃO TONELADAS) = 0.0253;2017;Pinhalzinho
2;EMISSÃO DE CO2 (MILHÃO TONELADAS) = 0.0246;2016;Pinhalzinho
3;EMISSÃO DE CO2 (MILHÃO TONELADAS) = 0.0241;2015;Pinhalzinho
4;EMISSÃO DE CO2 (MILHÃO TONELADAS) = 0.0241;2014;Pinhalzinho
5;EMISSÃO DE CO2 (MILHÃO TONELADAS) = 0.0238;2013;Pinhalzinho
6;EMISSÃO DE CO2 (MILHÃO TONELADAS) = 0.0235;2012;Pinhalzinho
0;EMISSÃO DE CO2 (MILHÃO TONELADAS) = 0.0067;2018;Pirapora do Bom Jesus
1;EMISSÃO DE CO2 (MILHÃO TONELADAS) = 0.0069;2017;Pirapora do Bom Jesus
2;EMISSÃO DE CO2 (MILHÃO TONELADAS) = 0.0072;2016;Pirapora do Bom Jesus
3;EMISSÃO DE CO2 (MILHÃO TONELADAS) = 0.0078;2015;Pirapora do Bom Jesus
4;EMISSÃO DE CO2 (MILHÃO TONELADAS) = 0.0096;2014;Pirapora do Bom Jesus
5;EMISSÃO DE CO2 (MILHÃO TONELADAS) = 0.0107;2013;Pirapora do Bom Jesus
6;EMISSÃO DE CO2 (MILHÃO TONELADAS) = 0.0088;2012;Pirapora do Bom Jesus
0;EMISSÃO DE CO2 (MILHÃO TONELADAS) = 0.0036;2018;Poloni
1;EMISSÃO DE CO2 (MILHÃO TONELADAS) = 0.0038;2017;Poloni
2;EMISSÃO DE CO2 (MILHÃO TONELADAS) = 0.0037;2016;Poloni
3;EMISSÃO DE CO2 (MILHÃO TONELADAS) = 0.0038;2015;Poloni
4;EMISSÃO DE CO2 (MILHÃO TONELADAS) = 0.0041;2014;Poloni
5;EMISSÃO DE CO2 (MILHÃO TONELADAS) = 0.0048;2013;Poloni
6;EMISSÃO DE CO2 (MILHÃO TONELADAS) = 0.0048;2012;Poloni
0;EMISSÃO DE CO2 (MILHÃO TONELADAS) = 0.0853;2018;Porto Feliz
1;EMISSÃO DE CO2 (MILHÃO TONELADAS) = 0.0843;2017;Porto Feliz
2;EMISSÃO DE CO2 (MILHÃO TONELADAS) = 0.0798;2016;Porto Feliz
3;EMISSÃO DE CO2 (MILHÃO TONELADAS) = 0.0832;2015;Porto Feliz
4;EMISSÃO DE CO2 (MILHÃO TONELADAS) = 0.0912;2014;Porto Feliz
5;EMISSÃO DE CO2 (MILHÃO TONELADAS) = 0.0836;2013;Porto Feliz
6;EMISSÃO DE CO2 (MILHÃO TONELADAS) = 0.0774;2012;Porto Feliz
0;EMISSÃO DE CO2 (MILHÃO TONELADAS) = 0.0009;2018;Presidente Alves
1;EMISSÃO DE CO2 (MILHÃO TONELADAS) = 0.0010;2017;Presidente Alves
2;EMISSÃO DE CO2 (MILHÃO TONELADAS) = 0.0013;2016;Presidente Alves
3;EMISSÃO DE CO2 (MILHÃO TONELADAS) = 0.0017;2015;Presidente Alves
4;EMISSÃO DE CO2 (MILHÃO TONELADAS) = 0.0018;2014;Presidente Alves
5;EMISSÃO DE CO2 (MILHÃO TONELADAS) = 0.0019;2013;Presidente Alves
6;EMISSÃO DE CO2 (MILHÃO TONELADAS) = 0.0019;2012;Presidente Alves
0;EMISSÃO DE CO2 (MILHÃO TONELADAS) = 0.0396;2018;Queiroz
1;EMISSÃO DE CO2 (MILHÃO TONELADAS) = 0.0485;2017;Queiroz
2;EMISSÃO DE CO2 (MILHÃO TONELADAS) = 0.0525;2016;Queiroz
3;EMISSÃO DE CO2 (MILHÃO TONELADAS) = 0.0448;2015;Queiroz
4;EMISSÃO DE CO2 (MILHÃO TONELADAS) = 0.0508;2014;Queiroz
5;EMISSÃO DE CO2 (MILHÃO TONELADAS) = 0.0557;2013;Queiroz
6;EMISSÃO DE CO2 (MILHÃO TONELADAS) = 0.0484;2012;Queiroz
0;EMISSÃO DE CO2 (MILHÃO TONELADAS) = 0.1399;2018;Registro
1;EMISSÃO DE CO2 (MILHÃO TONELADAS) = 0.1579;2017;Registro
2;EMISSÃO DE CO2 (MILHÃO TONELADAS) = 0.1570;2016;Registro
3;EMISSÃO DE CO2 (MILHÃO TONELADAS) = 0.1650;2015;Registro
4;EMISSÃO DE CO2 (MILHÃO TONELADAS) = 0.1701;2014;Registro
5;EMISSÃO DE CO2 (MILHÃO TONELADAS) = 0.1854;2013;Registro
6;EMISSÃO DE CO2 (MILHÃO TONELADAS) = 0.1911;2012;Registro
0;EMISSÃO DE CO2 (MILHÃO TONELADAS) = 0.0016;2018;Ribeirão Grande
1;EMISSÃO DE CO2 (MILHÃO TONELADAS) = 0.0016;2017;Ribeirão Grande
2;EMISSÃO DE CO2 (MILHÃO TONELADAS) = 0.0015;2016;Ribeirão Grande
3;EMISSÃO DE CO2 (MILHÃO TONELADAS) = 0.0024;2015;Ribeirão Grande
4;EMISSÃO DE CO2 (MILHÃO TONELADAS) = 0.0044;2014;Ribeirão Grande
5;EMISSÃO DE CO2 (MILHÃO TONELADAS) = 0.0088;2013;Ribeirão Grande
6;EMISSÃO DE CO2 (MILHÃO TONELADAS) = 0.0101;2012;Ribeirão Grande
0;EMISSÃO DE CO2 (MILHÃO TONELADAS) = 0.0061;2018;Rio Grande da Serra
1;EMISSÃO DE CO2 (MILHÃO TONELADAS) = 0.0105;2017;Rio Grande da Serra
2;EMISSÃO DE CO2 (MILHÃO TONELADAS) = 0.0098;2016;Rio Grande da Serra
3;EMISSÃO DE CO2 (MILHÃO TONELADAS) = 0.0098;2015;Rio Grande da Serra
4;EMISSÃO DE CO2 (MILHÃO TONELADAS) = 0.0130;2014;Rio Grande da Serra
5;EMISSÃO DE CO2 (MILHÃO TONELADAS) = 0.0092;2013;Rio Grande da Serra
6;EMISSÃO DE CO2 (MILHÃO TONELADAS) = 0.0106;2012;Rio Grande da Serra
0;EMISSÃO DE CO2 (MILHÃO TONELADAS) = 0.0002;2018;Sagres
1;EMISSÃO DE CO2 (MILHÃO TONELADAS) = 0.0001;2017;Sagres
2;EMISSÃO DE CO2 (MILHÃO TONELADAS) = 0.0002;2016;Sagres
3;EMISSÃO DE CO2 (MILHÃO TONELADAS) = 0.0001;2015;Sagres
4;EMISSÃO DE CO2 (MILHÃO TONELADAS) = 0.0003;2014;Sagres
5;EMISSÃO DE CO2 (MILHÃO TONELADAS) = 0.0004;2013;Sagres
6;EMISSÃO DE CO2 (MILHÃO TONELADAS) = 0.0000;2012;Sagres
0;EMISSÃO DE CO2 (MILHÃO TONELADAS) = 0.0077;2018;Salto Grande
1;EMISSÃO DE CO2 (MILHÃO TONELADAS) = 0.0130;2017;Salto Grande
2;EMISSÃO DE CO2 (MILHÃO TONELADAS) = 0.0129;2016;Salto Grande
3;EMISSÃO DE CO2 (MILHÃO TONELADAS) = 0.0064;2015;Salto Grande
4;EMISSÃO DE CO2 (MILHÃO TONELADAS) = 0.0062;2014;Salto Grande
5;EMISSÃO DE CO2 (MILHÃO TONELADAS) = 0.0044;2013;Salto Grande
6;EMISSÃO DE CO2 (MILHÃO TONELADAS) = 0.0043;2012;Salto Grande
0;EMISSÃO DE CO2 (MILHÃO TONELADAS) = 0.0100;2018;Santa Cruz da Esperança
1;EMISSÃO DE CO2 (MILHÃO TONELADAS) = 0.0089;2017;Santa Cruz da Esperança
2;EMISSÃO DE CO2 (MILHÃO TONELADAS) = 0.0071;2016;Santa Cruz da Esperança
3;EMISSÃO DE CO2 (MILHÃO TONELADAS) = 0.0089;2015;Santa Cruz da Esperança
4;EMISSÃO DE CO2 (MILHÃO TONELADAS) = 0.0071;2014;Santa Cruz da Esperança
5;EMISSÃO DE CO2 (MILHÃO TONELADAS) = 0.0050;2013;Santa Cruz da Esperança
6;EMISSÃO DE CO2 (MILHÃO TONELADAS) = 0.0042;2012;Santa Cruz da Esperança
0;EMISSÃO DE CO2 (MILHÃO TONELADAS) = 0.0041;2018;Santa Maria da Serra
1;EMISSÃO DE CO2 (MILHÃO TONELADAS) = 0.0043;2017;Santa Maria da Serra
2;EMISSÃO DE CO2 (MILHÃO TONELADAS) = 0.0047;2016;Santa Maria da Serra
3;EMISSÃO DE CO2 (MILHÃO TONELADAS) = 0.0056;2015;Santa Maria da Serra
4;EMISSÃO DE CO2 (MILHÃO TONELADAS) = 0.0059;2014;Santa Maria da Serra
5;EMISSÃO DE CO2 (MILHÃO TONELADAS) = 0.0087;2013;Santa Maria da Serra
6;EMISSÃO DE CO2 (MILHÃO TONELADAS) = 0.0094;2012;Santa Maria da Serra
0;EMISSÃO DE CO2 (MILHÃO TONELADAS) = 0.9637;2018;Santo André
1;EMISSÃO DE CO2 (MILHÃO TONELADAS) = 1.1028;2017;Santo André
2;EMISSÃO DE CO2 (MILHÃO TONELADAS) = 1.0843;2016;Santo André
3;EMISSÃO DE CO2 (MILHÃO TONELADAS) = 1.1192;2015;Santo André
4;EMISSÃO DE CO2 (MILHÃO TONELADAS) = 1.1283;2014;Santo André
5;EMISSÃO DE CO2 (MILHÃO TONELADAS) = 1.2013;2013;Santo André
6;EMISSÃO DE CO2 (MILHÃO TONELADAS) = 1.2248;2012;Santo André
0;EMISSÃO DE CO2 (MILHÃO TONELADAS) = 0.5302;2018;Santos
1;EMISSÃO DE CO2 (MILHÃO TONELADAS) = 0.5581;2017;Santos
2;EMISSÃO DE CO2 (MILHÃO TONELADAS) = 0.5376;2016;Santos
3;EMISSÃO DE CO2 (MILHÃO TONELADAS) = 0.5754;2015;Santos
4;EMISSÃO DE CO2 (MILHÃO TONELADAS) = 0.6105;2014;Santos
5;EMISSÃO DE CO2 (MILHÃO TONELADAS) = 0.6501;2013;Santos
6;EMISSÃO DE CO2 (MILHÃO TONELADAS) = 0.6341;2012;Santos
0;EMISSÃO DE CO2 (MILHÃO TONELADAS) = 0.0955;2018;São Joaquim da Barra
1;EMISSÃO DE CO2 (MILHÃO TONELADAS) = 0.0926;2017;São Joaquim da Barra
2;EMISSÃO DE CO2 (MILHÃO TONELADAS) = 0.0912;2016;São Joaquim da Barra
3;EMISSÃO DE CO2 (MILHÃO TONELADAS) = 0.0943;2015;São Joaquim da Barra
4;EMISSÃO DE CO2 (MILHÃO TONELADAS) = 0.0911;2014;São Joaquim da Barra
5;EMISSÃO DE CO2 (MILHÃO TONELADAS) = 0.0928;2013;São Joaquim da Barra
6;EMISSÃO DE CO2 (MILHÃO TONELADAS) = 0.0817;2012;São Joaquim da Barra
0;EMISSÃO DE CO2 (MILHÃO TONELADAS) = 0.0266;2018;São Miguel Arcanjo
1;EMISSÃO DE CO2 (MILHÃO TONELADAS) = 0.0285;2017;São Miguel Arcanjo
2;EMISSÃO DE CO2 (MILHÃO TONELADAS) = 0.0266;2016;São Miguel Arcanjo
3;EMISSÃO DE CO2 (MILHÃO TONELADAS) = 0.0261;2015;São Miguel Arcanjo
4;EMISSÃO DE CO2 (MILHÃO TONELADAS) = 0.0250;2014;São Miguel Arcanjo
5;EMISSÃO DE CO2 (MILHÃO TONELADAS) = 0.0280;2013;São Miguel Arcanjo
6;EMISSÃO DE CO2 (MILHÃO TONELADAS) = 0.0274;2012;São Miguel Arcanjo
0;EMISSÃO DE CO2 (MILHÃO TONELADAS) = 0.2804;2018;São Vicente
1;EMISSÃO DE CO2 (MILHÃO TONELADAS) = 0.2999;2017;São Vicente
2;EMISSÃO DE CO2 (MILHÃO TONELADAS) = 0.3067;2016;São Vicente
3;EMISSÃO DE CO2 (MILHÃO TONELADAS) = 0.2774;2015;São Vicente
4;EMISSÃO DE CO2 (MILHÃO TONELADAS) = 0.3368;2014;São Vicente
5;EMISSÃO DE CO2 (MILHÃO TONELADAS) = 0.3804;2013;São Vicente
6;EMISSÃO DE CO2 (MILHÃO TONELADAS) = 0.3817;2012;São Vicente
0;EMISSÃO DE CO2 (MILHÃO TONELADAS) = 0.0075;2018;Sete Barras
1;EMISSÃO DE CO2 (MILHÃO TONELADAS) = 0.0071;2017;Sete Barras
2;EMISSÃO DE CO2 (MILHÃO TONELADAS) = 0.0072;2016;Sete Barras
3;EMISSÃO DE CO2 (MILHÃO TONELADAS) = 0.0069;2015;Sete Barras
4;EMISSÃO DE CO2 (MILHÃO TONELADAS) = 0.0066;2014;Sete Barras
5;EMISSÃO DE CO2 (MILHÃO TONELADAS) = 0.0071;2013;Sete Barras
6;EMISSÃO DE CO2 (MILHÃO TONELADAS) = 0.0070;2012;Sete Barras
0;EMISSÃO DE CO2 (MILHÃO TONELADAS) = 0.5638;2018;Suzano
1;EMISSÃO DE CO2 (MILHÃO TONELADAS) = 0.5732;2017;Suzano
2;EMISSÃO DE CO2 (MILHÃO TONELADAS) = 0.5494;2016;Suzano
3;EMISSÃO DE CO2 (MILHÃO TONELADAS) = 0.5626;2015;Suzano
4;EMISSÃO DE CO2 (MILHÃO TONELADAS) = 0.5876;2014;Suzano
5;EMISSÃO DE CO2 (MILHÃO TONELADAS) = 0.6398;2013;Suzano
6;EMISSÃO DE CO2 (MILHÃO TONELADAS) = 0.5961;2012;Suzano
0;EMISSÃO DE CO2 (MILHÃO TONELADAS) = 0.0627;2018;Tambaú
1;EMISSÃO DE CO2 (MILHÃO TONELADAS) = 0.0603;2017;Tambaú
2;EMISSÃO DE CO2 (MILHÃO TONELADAS) = 0.0580;2016;Tambaú
3;EMISSÃO DE CO2 (MILHÃO TONELADAS) = 0.0627;2015;Tambaú
4;EMISSÃO DE CO2 (MILHÃO TONELADAS) = 0.0682;2014;Tambaú
5;EMISSÃO DE CO2 (MILHÃO TONELADAS) = 0.0693;2013;Tambaú
6;EMISSÃO DE CO2 (MILHÃO TONELADAS) = 0.0640;2012;Tambaú
0;EMISSÃO DE CO2 (MILHÃO TONELADAS) = 0.0118;2018;Tarabai
1;EMISSÃO DE CO2 (MILHÃO TONELADAS) = 0.0121;2017;Tarabai
2;EMISSÃO DE CO2 (MILHÃO TONELADAS) = 0.0138;2016;Tarabai
3;EMISSÃO DE CO2 (MILHÃO TONELADAS) = 0.0113;2015;Tarabai
4;EMISSÃO DE CO2 (MILHÃO TONELADAS) = 0.0120;2014;Tarabai
5;EMISSÃO DE CO2 (MILHÃO TONELADAS) = 0.0134;2013;Tarabai
6;EMISSÃO DE CO2 (MILHÃO TONELADAS) = 0.0102;2012;Tarabai
0;EMISSÃO DE CO2 (MILHÃO TONELADAS) = 0.0010;2018;Timburi
1;EMISSÃO DE CO2 (MILHÃO TONELADAS) = 0.0011;2017;Timburi
2;EMISSÃO DE CO2 (MILHÃO TONELADAS) = 0.0011;2016;Timburi
3;EMISSÃO DE CO2 (MILHÃO TONELADAS) = 0.0012;2015;Timburi
4;EMISSÃO DE CO2 (MILHÃO TONELADAS) = 0.0012;2014;Timburi
5;EMISSÃO DE CO2 (MILHÃO TONELADAS) = 0.0016;2013;Timburi
6;EMISSÃO DE CO2 (MILHÃO TONELADAS) = 0.0014;2012;Timburi
0;EMISSÃO DE CO2 (MILHÃO TONELADAS) = 0.0109;2018;Tupi Paulista
1;EMISSÃO DE CO2 (MILHÃO TONELADAS) = 0.0116;2017;Tupi Paulista
2;EMISSÃO DE CO2 (MILHÃO TONELADAS) = 0.0108;2016;Tupi Paulista
3;EMISSÃO DE CO2 (MILHÃO TONELADAS) = 0.0110;2015;Tupi Paulista
4;EMISSÃO DE CO2 (MILHÃO TONELADAS) = 0.0117;2014;Tupi Paulista
5;EMISSÃO DE CO2 (MILHÃO TONELADAS) = 0.0129;2013;Tupi Paulista
6;EMISSÃO DE CO2 (MILHÃO TONELADAS) = 0.0127;2012;Tupi Paulista
0;EMISSÃO DE CO2 (MILHÃO TONELADAS) = 0.0302;2018;Urânia
1;EMISSÃO DE CO2 (MILHÃO TONELADAS) = 0.0086;2017;Urânia
2;EMISSÃO DE CO2 (MILHÃO TONELADAS) = 0.0094;2016;Urânia
3;EMISSÃO DE CO2 (MILHÃO TONELADAS) = 0.0112;2015;Urânia
4;EMISSÃO DE CO2 (MILHÃO TONELADAS) = 0.0129;2014;Urânia
5;EMISSÃO DE CO2 (MILHÃO TONELADAS) = 0.0140;2013;Urânia
6;EMISSÃO DE CO2 (MILHÃO TONELADAS) = 0.0156;2012;Urânia
0;EMISSÃO DE CO2 (MILHÃO TONELADAS) = 0.0460;2018;Vargem Grande Paulista
1;EMISSÃO DE CO2 (MILHÃO TONELADAS) = 0.0504;2017;Vargem Grande Paulista
2;EMISSÃO DE CO2 (MILHÃO TONELADAS) = 0.0528;2016;Vargem Grande Paulista
3;EMISSÃO DE CO2 (MILHÃO TONELADAS) = 0.0598;2015;Vargem Grande Paulista
4;EMISSÃO DE CO2 (MILHÃO TONELADAS) = 0.0454;2014;Vargem Grande Paulista
5;EMISSÃO DE CO2 (MILHÃO TONELADAS) = 0.0504;2013;Vargem Grande Paulista
6;EMISSÃO DE CO2 (MILHÃO TONELADAS) = 0.0499;2012;Vargem Grande Paulista
0;EMISSÃO DE CO2 (MILHÃO TONELADAS) = 0.1481;2018;Votuporanga
1;EMISSÃO DE CO2 (MILHÃO TONELADAS) = 0.1506;2017;Votuporanga
2;EMISSÃO DE CO2 (MILHÃO TONELADAS) = 0.1372;2016;Votuporanga
3;EMISSÃO DE CO2 (MILHÃO TONELADAS) = 0.1721;2015;Votuporanga
4;EMISSÃO DE CO2 (MILHÃO TONELADAS) = 0.1697;2014;Votuporanga
5;EMISSÃO DE CO2 (MILHÃO TONELADAS) = 0.1610;2013;Votuporanga
6;EMISSÃO DE CO2 (MILHÃO TONELADAS) = 0.1237;2012;Votuporanga
0;EMISSÃO DE CO2 (MILHÃO TONELADAS) =  0.0015;2018;ZACARIAS
1;EMISSÃO DE CO2 (MILHÃO TONELADAS) = 0.0011;2017;ZACARIAS
2;EMISSÃO DE CO2 (MILHÃO TONELADAS) =  0.0010;2016;ZACARIAS
3;EMISSÃO DE CO2 (MILHÃO TONELADAS) = 0.0010;2015;ZACARIAS
4;EMISSÃO DE CO2 (MILHÃO TONELADAS) = 0.0008;2014;ZACARIAS
5;EMISSÃO DE CO2 (MILHÃO TONELADAS) = 0.0013;2013;ZACARIAS
6;EMISSÃO DE CO2 (MILHÃO TONELADAS) = 0.0005;2012;ZACARIAS
